eo_number,number,document_date,pages_count,extraction_method,pdf_storage_path,era_bucket,length_bucket,has_tables,scan_quality,include,notes
0001201205010011,39-ФЗ,2012-05-01,2,ocr,explain-npa/0001201205010011.pdf,<=2015,short(<=3),no,clean,true,Замена вместо исходно отобранных кандидатов 2011 года — их raw-файлы недоступны в текущем object storage (NoSuchKey/NoSuchBucket на explain-npa и npa-snapshots).
0001201302010006,1-ФЗ,2013-02-01,2,ocr,explain-npa/0001201302010006.pdf,<=2015,short(<=3),no,clean,true,Замена вместо исходно отобранного кандидата 2011 года (см. примечание к 0001201205010011).
0001201302120011,8-ФЗ,2013-02-11,10,ocr,explain-npa/0001201302120011.pdf,<=2015,medium(4-30),no,clean,true,Замена вместо исходно отобранного кандидата 2011 года; содержит надстрочные номера статей/пунктов (121(1), 121(2), 282(1), 282(2)) — полезный стресс-тест critical_elements.py.
0001201402040010,5-ФЗ,2014-02-03,5,ocr,explain-npa/0001201402040010.pdf,<=2015,medium(4-30),no,clean,true,Замена вместо исходно отобранного кандидата 2011 года; плотный текст с суммами и процентами.
0001201512290036,394-ФЗ,2015-12-29,38,ocr,explain-npa/0001201512290036.pdf,<=2015,long(31-300),no,clean,true,Замена вместо исходно отобранного кандидата 2011 года; самый длинный документ выборки (38 стр.), проверены стр. 1-3/18-20/36-38.
0001201601290031,1-ФЗ,2016-01-29,1,ocr,explain-npa/0001201601290031.pdf,2016-2019,short(<=3),no,clean,true,Минимальный документ (1 страница) — нижняя граница short-бакета.
0001201601310008,4-ФЗ,2016-01-31,2,ocr,explain-npa/0001201601310008.pdf,2016-2019,short(<=3),no,clean,true,
0001201602150054,16-ФЗ,2016-02-15,4,ocr,explain-npa/0001201602150054.pdf,2016-2019,medium(4-30),no,clean,true,Проценты в тексте ("51 процента их акций").
0001201602150045,25-ФЗ,2016-02-15,11,ocr,explain-npa/0001201602150045.pdf,2016-2019,medium(4-30),no,clean,true,Плотные ссылки на подпункты/пункты статьи 105(1) НК РФ.
0001201604050056,101-ФЗ,2016-04-05,36,ocr,explain-npa/0001201604050056.pdf,2016-2019,long(31-300),no,clean,true,Длинный документ (36 стр.), надстрочные номера статей (179(5), 74(1), 88 п.8(4)); проверены стр. 1-3/17-19/34-36.
0001202001280029,1-ФЗ,2020-01-28,1,ocr,explain-npa/0001202001280029.pdf,2020+,short(<=3),no,clean,true,Минимальный документ (1 страница, ратификация) — почти без критичных числовых элементов.
0001202002060033,8-ФЗ,2020-02-06,3,ocr,explain-npa/0001202002060033.pdf,2020+,short(<=3),no,clean,true,Надстрочные номера статей (346(43), 346(45)).
0001202001280021,5-ФЗ,2020-01-28,4,ocr,explain-npa/0001202001280021.pdf,2020+,medium(4-30),no,clean,true,Надстрочные номера статей (129(13), 129(14)).
0001202002060037,11-ФЗ,2020-02-06,12,ocr,explain-npa/0001202002060037.pdf,2020+,medium(4-30),no,clean,true,Много нумерованных перечней (пункты 1-22 статьи), надстрочный номер статьи 7(1).
0001202003010004,47-ФЗ,2020-03-01,32,ocr,explain-npa/0001202003010004.pdf,2020+,long(31-300),no,clean,true,Длинный документ (32 стр.), надстрочные номера статей (25(5), 25(6), 26(1)); проверены стр. 1-3/15-17/30-32.
